home_team,away_team,stage,home_team_prob,draw_prob,away_team_prob
Qatar,Ecuador,Group,0.140967762147546,0.23435730115007453,0.6246749367023795
Senegal,Netherlands,Group,0.15411092307429206,0.25175815403450985,0.5941309228911982
Qatar,Senegal,Group,0.1176391396703124,0.17609761366454102,0.7062632466651466
Netherlands,Ecuador,Group,0.7189775762469065,0.14819501866916415,0.1328274050839293
Ecuador,Senegal,Group,0.3054965631663154,0.3060026435814577,0.3885007932522269
Netherlands,Qatar,Group,0.7310614400853392,0.15833725674595445,0.11060130316870638
England,Iran,Group,0.6172897320076016,0.2521956412606649,0.13051462673173345
USA,Wales,Group,0.37812574838879043,0.26954122372153777,0.35233302788967175
Wales,Iran,Group,0.5128454383696024,0.25231855496894967,0.23483600666144794
England,USA,Group,0.5646190339511333,0.2588014036671097,0.17657956238175695
Wales,England,Group,0.1923962292599558,0.20959076083366618,0.5980130099063781
Iran,USA,Group,0.23480771614639406,0.32700017723051295,0.4381921066230929
Argentina,Saudi Arabia,Group,0.6708777514530888,0.23329981267084404,0.09582243587606709
Mexico,Poland,Group,0.39637171653497266,0.28646290148532794,0.31716538197969935
Poland,Saudi Arabia,Group,0.5963107414651948,0.2595472664152542,0.14414199211955098
Argentina,Mexico,Group,0.4226215904654338,0.35790793417588573,0.21947047535868058
Poland,Argentina,Group,0.18188501034874915,0.33293768836310883,0.485177301288142
Saudi Arabia,Mexico,Group,0.10347655175420685,0.2042711559021035,0.6922522923436896
Denmark,Tunisia,Group,0.45566379625381404,0.3153854745535492,0.22895072919263687
France,Australia,Group,0.6264631467874043,0.2434979381364001,0.13003891507619553
Tunisia,Australia,Group,0.45566786207843124,0.280903383412877,0.2634287545086918
France,Denmark,Group,0.4352309591378236,0.2679151602582324,0.29685388060394396
Australia,Denmark,Group,0.19039511667040246,0.21730566234472232,0.5922992209848752
Tunisia,France,Group,0.15902691464831134,0.2838707897456857,0.557102295606003
Germany,Japan,Group,0.6671071922118589,0.19810652398589929,0.1347862838022419
Spain,Costa Rica,Group,0.5124942119093785,0.2736229626324101,0.21388282545821144
Japan,Costa Rica,Group,0.2287621655079319,0.281420663106134,0.489817171385934
Spain,Germany,Group,0.2993931117987453,0.22651227284376882,0.4740946153574858
Japan,Spain,Group,0.12339183812569408,0.22812994406295953,0.6484782178113465
Costa Rica,Germany,Group,0.17711263080039252,0.20491636766844812,0.6179710015311594
Morocco,Croatia,Group,0.27375483897617037,0.2509621487160436,0.475283012307786
Belgium,Canada,Group,0.5384587256125496,0.2701815477855739,0.19135972660187653
Belgium,Morocco,Group,0.46759186169489236,0.28851443407591565,0.24389370422919185
Croatia,Canada,Group,0.5657963597644043,0.2579045637759726,0.17629907645962312
Croatia,Belgium,Group,0.28569410914712035,0.25313629467646376,0.461169596176416
Canada,Morocco,Group,0.3185327147977134,0.2726154734980187,0.40885181170426793
Switzerland,Cameroon,Group,0.4869702497994606,0.3416756813566658,0.1713540688438736
Brazil,Serbia,Group,0.5385615133224483,0.27429650267928624,0.18714198399826548
Cameroon,Serbia,Group,0.24443923823607655,0.29179881363589494,0.46376194812802846
Brazil,Switzerland,Group,0.5081831016924326,0.32660429380745404,0.1652126045001134
Serbia,Switzerland,Group,0.323451975282685,0.3387941548210971,0.33775386989621786
Cameroon,Brazil,Group,0.09546228536602305,0.2781421328618753,0.6263955817721016
Uruguay,Korea Republic,Group,0.5580775845461264,0.2739630802807037,0.16795933517316997
Portugal,Ghana,Group,0.5709906685128302,0.2915098630381127,0.1374994684490571
Korea Republic,Ghana,Group,0.35051683791500127,0.29939866591147196,0.3500844961735268
Portugal,Uruguay,Group,0.44419785949018736,0.31482068309589667,0.24098145741391605
Ghana,Uruguay,Group,0.21792412246874324,0.2524904194793732,0.5295854580518837
Korea Republic,Portugal,Group,0.16267273659521253,0.2715893106360025,0.5657379527687849
Qatar,Senegal,Knockout,0.14278286071429658,0.0,0.8572171392857034
Qatar,Netherlands,Knockout,0.051363421238905665,0.0,0.9486365787610944
Qatar,Ecuador,Knockout,0.1841169025177072,0.0,0.8158830974822927
Qatar,England,Knockout,0.0661766994784239,0.0,0.9338233005215761
Qatar,USA,Knockout,0.1363856997444133,0.0,0.8636143002555867
Qatar,Wales,Knockout,0.1783168672800385,0.0,0.8216831327199614
Qatar,Iran,Knockout,0.22606660344480262,0.0,0.7739333965551973
Qatar,Argentina,Knockout,0.04471400320493712,0.0,0.955285996795063
Qatar,Mexico,Knockout,0.07581522250593604,0.0,0.9241847774940639
Qatar,Poland,Knockout,0.0957297326423688,0.0,0.9042702673576312
Qatar,Saudi Arabia,Knockout,0.3992129651953619,0.0,0.600787034804638
Qatar,Denmark,Knockout,0.09615537258007704,0.0,0.9038446274199229
Qatar,France,Knockout,0.05444037506112727,0.0,0.9455596249388728
Qatar,Tunisia,Knockout,0.18304826222867232,0.0,0.8169517377713277
Qatar,Australia,Knockout,0.2261095486488383,0.0,0.7738904513511617
Qatar,Germany,Knockout,0.05777930827118612,0.0,0.9422206917288138
Qatar,Spain,Knockout,0.058979458092586264,0.0,0.9410205419074138
Qatar,Japan,Knockout,0.2123886383625722,0.0,0.7876113616374277
Qatar,Costa Rica,Knockout,0.1344727564657289,0.0,0.8655272435342711
Qatar,Morocco,Knockout,0.1448411881758855,0.0,0.8551588118241146
Qatar,Belgium,Knockout,0.05676043316064408,0.0,0.943239566839356
Qatar,Croatia,Knockout,0.08085895278534867,0.0,0.9191410472146514
Qatar,Canada,Knockout,0.19224603402166948,0.0,0.8077539659783305
Qatar,Switzerland,Knockout,0.14840001106205047,0.0,0.8515999889379495
Qatar,Brazil,Knockout,0.042114141553964736,0.0,0.9578858584460352
Qatar,Cameroon,Knockout,0.22736241497552415,0.0,0.7726375850244759
Qatar,Serbia,Knockout,0.17117881432943075,0.0,0.8288211856705693
Qatar,Uruguay,Knockout,0.12060320255717558,0.0,0.8793967974428244
Qatar,Portugal,Knockout,0.06395165156863698,0.0,0.936048348431363
Qatar,Korea Republic,Knockout,0.19661261265879929,0.0,0.8033873873412007
Qatar,Ghana,Knockout,0.25416506049484694,0.0,0.745834939505153
Senegal,Netherlands,Knockout,0.20596405280626315,0.0,0.7940359471937368
Senegal,Ecuador,Knockout,0.649212656805362,0.0,0.3507873431946381
Senegal,England,Knockout,0.2599632776141267,0.0,0.7400367223858734
Senegal,USA,Knockout,0.48557774787755015,0.0,0.51442225212245
Senegal,Wales,Knockout,0.537748983324597,0.0,0.4622510166754029
Senegal,Iran,Knockout,0.6948240719754193,0.0,0.3051759280245806
Senegal,Argentina,Knockout,0.23205365276122236,0.0,0.7679463472387776
Senegal,Mexico,Knockout,0.39975278279136894,0.0,0.600247217208631
Senegal,Poland,Knockout,0.3929170371154503,0.0,0.6070829628845497
Senegal,Saudi Arabia,Knockout,0.8149520832567811,0.0,0.18504791674321888
Senegal,Denmark,Knockout,0.3551958153593844,0.0,0.6448041846406155
Senegal,France,Knockout,0.22438670008919756,0.0,0.7756132999108025
Senegal,Tunisia,Knockout,0.49771259290446535,0.0,0.5022874070955347
Senegal,Australia,Knockout,0.6697058394951578,0.0,0.33029416050484217
Senegal,Germany,Knockout,0.21341278521883145,0.0,0.7865872147811686
Senegal,Spain,Knockout,0.22678283744321606,0.0,0.7732171625567839
Senegal,Japan,Knockout,0.6690098094858005,0.0,0.33099019051419953
Senegal,Costa Rica,Knockout,0.493072579137232,0.0,0.506927420862768
Senegal,Morocco,Knockout,0.505519054956785,0.0,0.49448094504321505
Senegal,Belgium,Knockout,0.27106966986423714,0.0,0.7289303301357629
Senegal,Croatia,Knockout,0.34383151978425236,0.0,0.6561684802157477
Senegal,Canada,Knockout,0.5821705313221411,0.0,0.4178294686778588
Senegal,Switzerland,Knockout,0.3966062307706495,0.0,0.6033937692293505
Senegal,Brazil,Knockout,0.18484265422896257,0.0,0.8151573457710374
Senegal,Cameroon,Knockout,0.6005674314742485,0.0,0.39943256852575154
Senegal,Serbia,Knockout,0.41197886567346226,0.0,0.5880211343265377
Senegal,Uruguay,Knockout,0.40517938076995663,0.0,0.5948206192300434
Senegal,Portugal,Knockout,0.28972936000728067,0.0,0.7102706399927193
Senegal,Korea Republic,Knockout,0.6522037563465612,0.0,0.34779624365343864
Senegal,Ghana,Knockout,0.6657611741400393,0.0,0.3342388258599607
Netherlands,Ecuador,Knockout,0.844063596720926,0.0,0.15593640327907396
Netherlands,England,Knockout,0.4701647658131331,0.0,0.5298352341868668
Netherlands,USA,Knockout,0.7611444822054756,0.0,0.2388555177945244
Netherlands,Wales,Knockout,0.7738180465069826,0.0,0.22618195349301734
Netherlands,Iran,Knockout,0.8249769656771246,0.0,0.1750230343228753
Netherlands,Argentina,Knockout,0.4732984565296035,0.0,0.5267015434703965
Netherlands,Mexico,Knockout,0.6672785540422094,0.0,0.3327214459577907
Netherlands,Poland,Knockout,0.7109319695199846,0.0,0.28906803048001545
Netherlands,Saudi Arabia,Knockout,0.8634290490851179,0.0,0.1365709509148821
Netherlands,Denmark,Knockout,0.6490402885100292,0.0,0.35095971148997085
Netherlands,France,Knockout,0.41068580493796725,0.0,0.5893141950620328
Netherlands,Tunisia,Knockout,0.7526838801343338,0.0,0.24731611986566612
Netherlands,Australia,Knockout,0.8407204858118311,0.0,0.1592795141881689
Netherlands,Germany,Knockout,0.35586790523485723,0.0,0.6441320947651428
Netherlands,Spain,Knockout,0.44350318605143535,0.0,0.5564968139485647
Netherlands,Japan,Knockout,0.8260718716648876,0.0,0.17392812833511231
Netherlands,Costa Rica,Knockout,0.7004198820656806,0.0,0.2995801179343193
Netherlands,Morocco,Knockout,0.7588385610864115,0.0,0.24116143891358857
Netherlands,Belgium,Knockout,0.5327208680767626,0.0,0.46727913192323745
Netherlands,Croatia,Knockout,0.6083336526617615,0.0,0.3916663473382384
Netherlands,Canada,Knockout,0.8128269208071348,0.0,0.18717307919286527
Netherlands,Switzerland,Knockout,0.7123268824111203,0.0,0.28767311758887965
Netherlands,Brazil,Knockout,0.35333339065442304,0.0,0.6466666093455771
Netherlands,Cameroon,Knockout,0.8157674066794137,0.0,0.18423259332058636
Netherlands,Serbia,Knockout,0.6920734138074132,0.0,0.30792658619258684
Netherlands,Uruguay,Knockout,0.6820161033176495,0.0,0.3179838966823505
Netherlands,Portugal,Knockout,0.5777328416472973,0.0,0.4222671583527027
Netherlands,Korea Republic,Knockout,0.8172034560633041,0.0,0.18279654393669587
Netherlands,Ghana,Knockout,0.8344652530816957,0.0,0.16553474691830425
Ecuador,England,Knockout,0.2334922199595886,0.0,0.7665077800404114
Ecuador,USA,Knockout,0.4208319681119572,0.0,0.5791680318880428
Ecuador,Wales,Knockout,0.4323288256505197,0.0,0.5676711743494803
Ecuador,Iran,Knockout,0.6306104430433512,0.0,0.3693895569566487
Ecuador,Argentina,Knockout,0.16795374978231795,0.0,0.8320462502176821
Ecuador,Mexico,Knockout,0.3087931653644986,0.0,0.6912068346355014
Ecuador,Poland,Knockout,0.3477748591846305,0.0,0.6522251408153694
Ecuador,Saudi Arabia,Knockout,0.7963345913510674,0.0,0.20366540864893257
Ecuador,Denmark,Knockout,0.2994833768396531,0.0,0.700516623160347
Ecuador,France,Knockout,0.18127132903569582,0.0,0.8187286709643042
Ecuador,Tunisia,Knockout,0.43369808473151117,0.0,0.5663019152684889
Ecuador,Australia,Knockout,0.5755349776290388,0.0,0.42446502237096123
Ecuador,Germany,Knockout,0.18720983450690648,0.0,0.8127901654930936
Ecuador,Spain,Knockout,0.18316574574091912,0.0,0.816834254259081
Ecuador,Japan,Knockout,0.6273947122353793,0.0,0.3726052877646207
Ecuador,Costa Rica,Knockout,0.4082797019542366,0.0,0.5917202980457633
Ecuador,Morocco,Knockout,0.430305489276011,0.0,0.5696945107239889
Ecuador,Belgium,Knockout,0.18982854183146886,0.0,0.8101714581685312
Ecuador,Croatia,Knockout,0.2763428776078894,0.0,0.7236571223921106
Ecuador,Canada,Knockout,0.5470412625910701,0.0,0.4529587374089299
Ecuador,Switzerland,Knockout,0.3428744030549018,0.0,0.6571255969450981
Ecuador,Brazil,Knockout,0.1534370611469046,0.0,0.8465629388530953
Ecuador,Cameroon,Knockout,0.5503088801125718,0.0,0.44969111988742805
Ecuador,Serbia,Knockout,0.3535916128150591,0.0,0.646408387184941
Ecuador,Uruguay,Knockout,0.38405212272836825,0.0,0.6159478772716317
Ecuador,Portugal,Knockout,0.19954050494377115,0.0,0.8004594950562289
Ecuador,Korea Republic,Knockout,0.6448601386741398,0.0,0.3551398613258602
Ecuador,Ghana,Knockout,0.603406049430713,0.0,0.3965939505692871
England,USA,Knockout,0.7617648451367941,0.0,0.2382351548632059
England,Wales,Knockout,0.7816440489797797,0.0,0.21835595102022035
England,Iran,Knockout,0.825469556032332,0.0,0.17453044396766804
England,Argentina,Knockout,0.461677499246263,0.0,0.538322500753737
England,Mexico,Knockout,0.6673015538815605,0.0,0.3326984461184394
England,Poland,Knockout,0.7170147478725902,0.0,0.2829852521274097
England,Saudi Arabia,Knockout,0.8650146856993597,0.0,0.1349853143006404
England,Denmark,Knockout,0.6717982723837167,0.0,0.3282017276162833
England,France,Knockout,0.48825109921792703,0.0,0.5117489007820729
England,Tunisia,Knockout,0.7620972071791909,0.0,0.2379027928208091
England,Australia,Knockout,0.8425216896513077,0.0,0.1574783103486924
England,Germany,Knockout,0.40176800735413176,0.0,0.5982319926458682
England,Spain,Knockout,0.43183696644084146,0.0,0.5681630335591584
England,Japan,Knockout,0.8305266559482042,0.0,0.16947334405179587
England,Costa Rica,Knockout,0.708979803586522,0.0,0.2910201964134779
England,Morocco,Knockout,0.7594630203797142,0.0,0.24053697962028564
England,Belgium,Knockout,0.5451607453114661,0.0,0.454839254688534
England,Croatia,Knockout,0.6188475009696941,0.0,0.38115249903030596
England,Canada,Knockout,0.8148715853515974,0.0,0.18512841464840252
England,Switzerland,Knockout,0.7153039325963896,0.0,0.2846960674036104
England,Brazil,Knockout,0.345965220600484,0.0,0.6540347793995159
England,Cameroon,Knockout,0.8294916367487059,0.0,0.17050836325129418
England,Serbia,Knockout,0.6949421150790888,0.0,0.3050578849209113
England,Uruguay,Knockout,0.7194286405649044,0.0,0.28057135943509565
England,Portugal,Knockout,0.5663046880849579,0.0,0.43369531191504207
England,Korea Republic,Knockout,0.8177130902641798,0.0,0.1822869097358201
England,Ghana,Knockout,0.8401004504708451,0.0,0.15989954952915497
USA,Wales,Knockout,0.5176551513492159,0.0,0.482344848650784
USA,Iran,Knockout,0.6857731004913071,0.0,0.31422689950869287
USA,Argentina,Knockout,0.20620820816096996,0.0,0.79379179183903
USA,Mexico,Knockout,0.3780563908101366,0.0,0.6219436091898634
USA,Poland,Knockout,0.38971090767101046,0.0,0.6102890923289896
USA,Saudi Arabia,Knockout,0.7885884410034891,0.0,0.21141155899651087
USA,Denmark,Knockout,0.3337018448564611,0.0,0.6662981551435389
USA,France,Knockout,0.2220601737906472,0.0,0.7779398262093529
USA,Tunisia,Knockout,0.4924444082037916,0.0,0.5075555917962083
USA,Australia,Knockout,0.6563755561581553,0.0,0.34362444384184465
USA,Germany,Knockout,0.20674399959155246,0.0,0.7932560004084475
USA,Spain,Knockout,0.20728773072270107,0.0,0.792712269277299
USA,Japan,Knockout,0.6539371561144958,0.0,0.3460628438855043
USA,Costa Rica,Knockout,0.49448784831014253,0.0,0.5055121516898575
USA,Morocco,Knockout,0.46933569952016685,0.0,0.5306643004798332
USA,Belgium,Knockout,0.23137489691018004,0.0,0.7686251030898199
USA,Croatia,Knockout,0.32548214738594106,0.0,0.6745178526140588
USA,Canada,Knockout,0.5751486256574053,0.0,0.42485137434259473
USA,Switzerland,Knockout,0.3831344728869401,0.0,0.61686552711306
USA,Brazil,Knockout,0.16072906651713825,0.0,0.8392709334828617
USA,Cameroon,Knockout,0.5562819418458422,0.0,0.4437180581541578
USA,Serbia,Knockout,0.39313377838949265,0.0,0.6068662216105073
USA,Uruguay,Knockout,0.4149468069352877,0.0,0.5850531930647123
USA,Portugal,Knockout,0.2648544199298745,0.0,0.7351455800701254
USA,Korea Republic,Knockout,0.6464124013300491,0.0,0.3535875986699509
USA,Ghana,Knockout,0.6252896741818246,0.0,0.3747103258181754
Wales,Iran,Knockout,0.6859143580168752,0.0,0.3140856419831249
Wales,Argentina,Knockout,0.24721119810450595,0.0,0.752788801895494
Wales,Mexico,Knockout,0.37336071617821937,0.0,0.6266392838217806
Wales,Poland,Knockout,0.350605835098798,0.0,0.6493941649012019
Wales,Saudi Arabia,Knockout,0.7566010040162163,0.0,0.2433989959837837
Wales,Denmark,Knockout,0.3410242531044215,0.0,0.6589757468955785
Wales,France,Knockout,0.2311687185234981,0.0,0.7688312814765019
Wales,Tunisia,Knockout,0.4463067642206588,0.0,0.5536932357793412
Wales,Australia,Knockout,0.6175244983204285,0.0,0.3824755016795715
Wales,Germany,Knockout,0.2150039225103811,0.0,0.7849960774896189
Wales,Spain,Knockout,0.22619641100992036,0.0,0.7738035889900796
Wales,Japan,Knockout,0.6309268494033236,0.0,0.3690731505966764
Wales,Costa Rica,Knockout,0.44761026208192045,0.0,0.5523897379180797
Wales,Morocco,Knockout,0.46643876049376165,0.0,0.5335612395062383
Wales,Belgium,Knockout,0.2610434760572884,0.0,0.7389565239427116
Wales,Croatia,Knockout,0.34087794098156976,0.0,0.6591220590184301
Wales,Canada,Knockout,0.5512576685547811,0.0,0.4487423314452188
Wales,Switzerland,Knockout,0.36452649813982513,0.0,0.6354735018601748
Wales,Brazil,Knockout,0.14223201874615124,0.0,0.8577679812538488
Wales,Cameroon,Knockout,0.5804909652669089,0.0,0.41950903473309104
Wales,Serbia,Knockout,0.38625686662857006,0.0,0.6137431333714298
Wales,Uruguay,Knockout,0.4080685169717557,0.0,0.5919314830282443
Wales,Portugal,Knockout,0.2971543559210805,0.0,0.7028456440789195
Wales,Korea Republic,Knockout,0.6253069877665093,0.0,0.37469301223349083
Wales,Ghana,Knockout,0.6298146143942537,0.0,0.37018538560574643
Iran,Argentina,Knockout,0.173644937011841,0.0,0.826355062988159
Iran,Mexico,Knockout,0.29288917291715866,0.0,0.7071108270828413
Iran,Poland,Knockout,0.307507374380455,0.0,0.692492625619545
Iran,Saudi Arabia,Knockout,0.7537357352835854,0.0,0.24626426471641452
Iran,Denmark,Knockout,0.26643794768169166,0.0,0.7335620523183084
Iran,France,Knockout,0.1982506614254791,0.0,0.8017493385745209
Iran,Tunisia,Knockout,0.3631920246002384,0.0,0.6368079753997615
Iran,Australia,Knockout,0.5304975180018193,0.0,0.46950248199818057
Iran,Germany,Knockout,0.18776865526240383,0.0,0.8122313447375963
Iran,Spain,Knockout,0.1989047595123201,0.0,0.8010952404876799
Iran,Japan,Knockout,0.5251629287786117,0.0,0.47483707122138835
Iran,Costa Rica,Knockout,0.30898784371043697,0.0,0.6910121562895631
Iran,Morocco,Knockout,0.3564218786383974,0.0,0.6435781213616025
Iran,Belgium,Knockout,0.17877581088488884,0.0,0.8212241891151112
Iran,Croatia,Knockout,0.25259715830345475,0.0,0.7474028416965451
Iran,Canada,Knockout,0.43680121665995053,0.0,0.5631987833400495
Iran,Switzerland,Knockout,0.320718755035074,0.0,0.679281244964926
Iran,Brazil,Knockout,0.16714427388166275,0.0,0.8328557261183372
Iran,Cameroon,Knockout,0.447859941672871,0.0,0.5521400583271289
Iran,Serbia,Knockout,0.31670697681802273,0.0,0.6832930231819773
Iran,Uruguay,Knockout,0.3084961796483425,0.0,0.6915038203516576
Iran,Portugal,Knockout,0.2130524622796771,0.0,0.7869475377203229
Iran,Korea Republic,Knockout,0.5529359660079969,0.0,0.44706403399200323
Iran,Ghana,Knockout,0.5063737049634566,0.0,0.4936262950365433
Argentina,Mexico,Knockout,0.6581946935024123,0.0,0.34180530649758756
Argentina,Poland,Knockout,0.6976714444878487,0.0,0.30232855551215126
Argentina,Saudi Arabia,Knockout,0.875019678539704,0.0,0.12498032146029603
Argentina,Denmark,Knockout,0.579044506495936,0.0,0.4209554935040639
Argentina,France,Knockout,0.4410904012124743,0.0,0.5589095987875257
Argentina,Tunisia,Knockout,0.7476123798864258,0.0,0.25238762011357424
Argentina,Australia,Knockout,0.8527932541669361,0.0,0.14720674583306387
Argentina,Germany,Knockout,0.34677600836930295,0.0,0.653223991630697
Argentina,Spain,Knockout,0.4024422336298775,0.0,0.5975577663701225
Argentina,Japan,Knockout,0.8459789207238537,0.0,0.15402107927614625
Argentina,Costa Rica,Knockout,0.6833123442274959,0.0,0.31668765577250413
Argentina,Morocco,Knockout,0.753962795559812,0.0,0.24603720444018795
Argentina,Belgium,Knockout,0.4331967122803845,0.0,0.5668032877196156
Argentina,Croatia,Knockout,0.5414861980282282,0.0,0.4585138019717719
Argentina,Canada,Knockout,0.8089849862814288,0.0,0.1910150137185711
Argentina,Switzerland,Knockout,0.7094363068267302,0.0,0.29056369317326974
Argentina,Brazil,Knockout,0.33321986030543677,0.0,0.6667801396945632
Argentina,Cameroon,Knockout,0.798432330214286,0.0,0.2015676697857141
Argentina,Serbia,Knockout,0.6830047073609701,0.0,0.31699529263903
Argentina,Uruguay,Knockout,0.6985515747152911,0.0,0.30144842528470894
Argentina,Portugal,Knockout,0.48717373649175405,0.0,0.5128262635082459
Argentina,Korea Republic,Knockout,0.8338970219828885,0.0,0.1661029780171115
Argentina,Ghana,Knockout,0.813083089788904,0.0,0.18691691021109602
Mexico,Poland,Knockout,0.5555026043636361,0.0,0.44449739563636387
Mexico,Saudi Arabia,Knockout,0.8455495540680386,0.0,0.15445044593196156
Mexico,Denmark,Knockout,0.5051545509028404,0.0,0.49484544909715955
Mexico,France,Knockout,0.31253859492037767,0.0,0.6874614050796224
Mexico,Tunisia,Knockout,0.6538439497913006,0.0,0.3461560502086995
Mexico,Australia,Knockout,0.7826615194282328,0.0,0.21733848057176713
Mexico,Germany,Knockout,0.27117080652209397,0.0,0.7288291934779061
Mexico,Spain,Knockout,0.3314534892924493,0.0,0.6685465107075507
Mexico,Japan,Knockout,0.787734107617156,0.0,0.21226589238284393
Mexico,Costa Rica,Knockout,0.6032711215262122,0.0,0.39672887847378785
Mexico,Morocco,Knockout,0.6361491153433642,0.0,0.3638508846566358
Mexico,Belgium,Knockout,0.39769921973180433,0.0,0.6023007802681956
Mexico,Croatia,Knockout,0.4501628464402052,0.0,0.5498371535597948
Mexico,Canada,Knockout,0.7159983357066563,0.0,0.2840016642933437
Mexico,Switzerland,Knockout,0.5545264343649748,0.0,0.4454735656350251
Mexico,Brazil,Knockout,0.2600477935155168,0.0,0.7399522064844831
Mexico,Cameroon,Knockout,0.728559180636709,0.0,0.27144081936329106
Mexico,Serbia,Knockout,0.5498709194232092,0.0,0.45012908057679074
Mexico,Uruguay,Knockout,0.5133619751975641,0.0,0.4866380248024359
Mexico,Portugal,Knockout,0.39903415265016945,0.0,0.6009658473498305
Mexico,Korea Republic,Knockout,0.788904504908455,0.0,0.2110954950915451
Mexico,Ghana,Knockout,0.7479538796226953,0.0,0.25204612037730467
Poland,Saudi Arabia,Knockout,0.8053326220814692,0.0,0.1946673779185309
Poland,Denmark,Knockout,0.4547514114908644,0.0,0.5452485885091356
Poland,France,Knockout,0.2809211658510055,0.0,0.7190788341489944
Poland,Tunisia,Knockout,0.6427303136177708,0.0,0.35726968638222917
Poland,Australia,Knockout,0.7112924271520489,0.0,0.2887075728479511
Poland,Germany,Knockout,0.2914324245278261,0.0,0.708567575472174
Poland,Spain,Knockout,0.2965819680198542,0.0,0.7034180319801459
Poland,Japan,Knockout,0.7273397971530178,0.0,0.2726602028469823
Poland,Costa Rica,Knockout,0.611159566115691,0.0,0.388840433884309
Poland,Morocco,Knockout,0.5852581771683376,0.0,0.4147418228316623
Poland,Belgium,Knockout,0.35794275115367963,0.0,0.6420572488463203
Poland,Croatia,Knockout,0.41010825305383297,0.0,0.589891746946167
Poland,Canada,Knockout,0.65490575617537,0.0,0.34509424382463
Poland,Switzerland,Knockout,0.4442385133492476,0.0,0.5557614866507523
Poland,Brazil,Knockout,0.25674226253400095,0.0,0.743257737465999
Poland,Cameroon,Knockout,0.7094465231377094,0.0,0.29055347686229055
Poland,Serbia,Knockout,0.4896415666041793,0.0,0.5103584333958208
Poland,Uruguay,Knockout,0.4960936978252897,0.0,0.5039063021747103
Poland,Portugal,Knockout,0.35088251366846895,0.0,0.649117486331531
Poland,Korea Republic,Knockout,0.7253778059877578,0.0,0.27462219401224214
Poland,Ghana,Knockout,0.7319137683080177,0.0,0.26808623169198226
Saudi Arabia,Denmark,Knockout,0.14705803739279996,0.0,0.8529419626072
Saudi Arabia,France,Knockout,0.07052614860779995,0.0,0.9294738513922001
Saudi Arabia,Tunisia,Knockout,0.18596062387637666,0.0,0.8140393761236233
Saudi Arabia,Australia,Knockout,0.24164266140303337,0.0,0.7583573385969666
Saudi Arabia,Germany,Knockout,0.06619656188064516,0.0,0.9338034381193548
Saudi Arabia,Spain,Knockout,0.06227296452385997,0.0,0.9377270354761401
Saudi Arabia,Japan,Knockout,0.24914786070406758,0.0,0.7508521392959324
Saudi Arabia,Costa Rica,Knockout,0.19135757847440094,0.0,0.8086424215255992
Saudi Arabia,Morocco,Knockout,0.20218217633878505,0.0,0.7978178236612149
Saudi Arabia,Belgium,Knockout,0.10522528023391654,0.0,0.8947747197660835
Saudi Arabia,Croatia,Knockout,0.1491622093908148,0.0,0.8508377906091852
Saudi Arabia,Canada,Knockout,0.215762926197745,0.0,0.784237073802255
Saudi Arabia,Switzerland,Knockout,0.15855739027883728,0.0,0.8414426097211627
Saudi Arabia,Brazil,Knockout,0.046936504491226126,0.0,0.9530634955087739
Saudi Arabia,Cameroon,Knockout,0.2981913257335219,0.0,0.7018086742664782
Saudi Arabia,Serbia,Knockout,0.17930984285123167,0.0,0.8206901571487683
Saudi Arabia,Uruguay,Knockout,0.1759636781603434,0.0,0.8240363218396566
Saudi Arabia,Portugal,Knockout,0.12218639593589674,0.0,0.8778136040641032
Saudi Arabia,Korea Republic,Knockout,0.26077906811131135,0.0,0.7392209318886888
Saudi Arabia,Ghana,Knockout,0.329423067906055,0.0,0.670576932093945
Denmark,France,Knockout,0.3251059599873007,0.0,0.6748940400126994
Denmark,Tunisia,Knockout,0.665577166883315,0.0,0.33442283311668486
Denmark,Australia,Knockout,0.7837047077671649,0.0,0.21629529223283508
Denmark,Germany,Knockout,0.2858401121439078,0.0,0.7141598878560923
Denmark,Spain,Knockout,0.32510991334338346,0.0,0.6748900866566167
Denmark,Japan,Knockout,0.7677277963311492,0.0,0.23227220366885076
Denmark,Costa Rica,Knockout,0.6222599725568073,0.0,0.3777400274431927
Denmark,Morocco,Knockout,0.6638714796229916,0.0,0.33612852037700836
Denmark,Belgium,Knockout,0.35412730959056177,0.0,0.6458726904094382
Denmark,Croatia,Knockout,0.45170325653514787,0.0,0.548296743464852
Denmark,Canada,Knockout,0.7343050194971449,0.0,0.2656949805028552
Denmark,Switzerland,Knockout,0.5757942582850215,0.0,0.42420574171497855
Denmark,Brazil,Knockout,0.25992500162114274,0.0,0.7400749983788573
Denmark,Cameroon,Knockout,0.7578117059873285,0.0,0.24218829401267153
Denmark,Serbia,Knockout,0.5104975714645679,0.0,0.48950242853543213
Denmark,Uruguay,Knockout,0.6036198650779341,0.0,0.3963801349220659
Denmark,Portugal,Knockout,0.4173455017474236,0.0,0.5826544982525765
Denmark,Korea Republic,Knockout,0.7669945635814287,0.0,0.2330054364185713
Denmark,Ghana,Knockout,0.7718018599660766,0.0,0.22819814003392327
France,Tunisia,Knockout,0.7292284486237051,0.0,0.27077155137629494
France,Australia,Knockout,0.8281050090519886,0.0,0.1718949909480115
France,Germany,Knockout,0.3371907906383768,0.0,0.6628092093616231
France,Spain,Knockout,0.3967466531707986,0.0,0.6032533468292015
France,Japan,Knockout,0.8161292533473951,0.0,0.18387074665260486
France,Costa Rica,Knockout,0.696035625924303,0.0,0.30396437407569704
France,Morocco,Knockout,0.7089662515167532,0.0,0.2910337484832468
France,Belgium,Knockout,0.4692168715658149,0.0,0.5307831284341852
France,Croatia,Knockout,0.4937292175792436,0.0,0.5062707824207564
France,Canada,Knockout,0.7962112507003345,0.0,0.20378874929966548
France,Switzerland,Knockout,0.6864289951854897,0.0,0.31357100481451033
France,Brazil,Knockout,0.3460180469713505,0.0,0.6539819530286496
France,Cameroon,Knockout,0.8046847370075558,0.0,0.19531526299244417
France,Serbia,Knockout,0.6584975177417369,0.0,0.341502482258263
France,Uruguay,Knockout,0.6642429520036733,0.0,0.3357570479963266
France,Portugal,Knockout,0.44898334849834604,0.0,0.5510166515016539
France,Korea Republic,Knockout,0.800934839511236,0.0,0.19906516048876402
France,Ghana,Knockout,0.8370778516293528,0.0,0.16292214837064714
Tunisia,Australia,Knockout,0.6336670922484089,0.0,0.36633290775159105
Tunisia,Germany,Knockout,0.2189971522784549,0.0,0.7810028477215452
Tunisia,Spain,Knockout,0.20493962377535876,0.0,0.7950603762246412
Tunisia,Japan,Knockout,0.6083238054887058,0.0,0.3916761945112941
Tunisia,Costa Rica,Knockout,0.45906825696744963,0.0,0.5409317430325504
Tunisia,Morocco,Knockout,0.45649576178283147,0.0,0.5435042382171686
Tunisia,Belgium,Knockout,0.2717623119878044,0.0,0.7282376880121956
Tunisia,Croatia,Knockout,0.35383938699108886,0.0,0.6461606130089111
Tunisia,Canada,Knockout,0.5448563439988022,0.0,0.4551436560011979
Tunisia,Switzerland,Knockout,0.3848049256331031,0.0,0.6151950743668968
Tunisia,Brazil,Knockout,0.1798912364935855,0.0,0.8201087635064144
Tunisia,Cameroon,Knockout,0.6157895391148456,0.0,0.38421046088515437
Tunisia,Serbia,Knockout,0.38703832958824075,0.0,0.6129616704117593
Tunisia,Uruguay,Knockout,0.4073730049135137,0.0,0.5926269950864863
Tunisia,Portugal,Knockout,0.29481539226870984,0.0,0.7051846077312902
Tunisia,Korea Republic,Knockout,0.6319202313302765,0.0,0.3680797686697234
Tunisia,Ghana,Knockout,0.638654229056898,0.0,0.3613457709431021
Australia,Germany,Knockout,0.1801135944383273,0.0,0.8198864055616727
Australia,Spain,Knockout,0.1473124437579795,0.0,0.8526875562420205
Australia,Japan,Knockout,0.5125990777810421,0.0,0.487400922218958
Australia,Costa Rica,Knockout,0.3690763260425752,0.0,0.6309236739574249
Australia,Morocco,Knockout,0.31483171606469695,0.0,0.685168283935303
Australia,Belgium,Knockout,0.1631430036488492,0.0,0.8368569963511507
Australia,Croatia,Knockout,0.24699435361470917,0.0,0.7530056463852908
Australia,Canada,Knockout,0.41321489944030354,0.0,0.5867851005596963
Australia,Switzerland,Knockout,0.2572192122619165,0.0,0.7427807877380834
Australia,Brazil,Knockout,0.12043858479597495,0.0,0.8795614152040251
Australia,Cameroon,Knockout,0.49129760678558193,0.0,0.5087023932144181
Australia,Serbia,Knockout,0.29622076610776843,0.0,0.7037792338922316
Australia,Uruguay,Knockout,0.26440355163745033,0.0,0.7355964483625497
Australia,Portugal,Knockout,0.18361875182809814,0.0,0.8163812481719018
Australia,Korea Republic,Knockout,0.522155797770326,0.0,0.4778442022296741
Australia,Ghana,Knockout,0.5431360342342494,0.0,0.4568639657657505
Germany,Spain,Knockout,0.4334172579566108,0.0,0.5665827420433891
Germany,Japan,Knockout,0.8319149764477298,0.0,0.16808502355227012
Germany,Costa Rica,Knockout,0.7434374188521284,0.0,0.25656258114787156
Germany,Morocco,Knockout,0.7835306619324909,0.0,0.21646933806750912
Germany,Belgium,Knockout,0.544738652577966,0.0,0.45526134742203395
Germany,Croatia,Knockout,0.6621379467152326,0.0,0.3378620532847675
Germany,Canada,Knockout,0.831054224829123,0.0,0.16894577517087717
Germany,Switzerland,Knockout,0.7577676390674359,0.0,0.242232360932564
Germany,Brazil,Knockout,0.42670207916520475,0.0,0.5732979208347952
Germany,Cameroon,Knockout,0.851155946985789,0.0,0.14884405301421105
Germany,Serbia,Knockout,0.7408644838543913,0.0,0.2591355161456087
Germany,Uruguay,Knockout,0.7342607742576905,0.0,0.2657392257423095
Germany,Portugal,Knockout,0.6001096061203484,0.0,0.39989039387965164
Germany,Korea Republic,Knockout,0.8196736962346085,0.0,0.18032630376539147
Germany,Ghana,Knockout,0.8550670080753118,0.0,0.14493299192468811
Spain,Japan,Knockout,0.8295808243146788,0.0,0.17041917568532117
Spain,Costa Rica,Knockout,0.7055484762660882,0.0,0.29445152373391176
Spain,Morocco,Knockout,0.7582360332599616,0.0,0.24176396674003847
Spain,Belgium,Knockout,0.5523698325491154,0.0,0.4476301674508846
Spain,Croatia,Knockout,0.5981924858786244,0.0,0.40180751412137555
Spain,Canada,Knockout,0.816902611463668,0.0,0.18309738853633192
Spain,Switzerland,Knockout,0.7116523047380106,0.0,0.28834769526198956
Spain,Brazil,Knockout,0.3525821042582921,0.0,0.6474178957417078
Spain,Cameroon,Knockout,0.8283150604583776,0.0,0.17168493954162245
Spain,Serbia,Knockout,0.6935188223249961,0.0,0.30648117767500394
Spain,Uruguay,Knockout,0.7180732457700811,0.0,0.28192675422991886
Spain,Portugal,Knockout,0.5769301008655524,0.0,0.4230698991344476
Spain,Korea Republic,Knockout,0.8167115281241215,0.0,0.18328847187587857
Spain,Ghana,Knockout,0.8351846212939266,0.0,0.16481537870607335
Japan,Costa Rica,Knockout,0.31835338669322194,0.0,0.6816466133067781
Japan,Morocco,Knockout,0.3466855213309164,0.0,0.6533144786690835
Japan,Belgium,Knockout,0.16511806433362922,0.0,0.8348819356663708
Japan,Croatia,Knockout,0.244536883172736,0.0,0.7554631168272641
Japan,Canada,Knockout,0.4072650424075911,0.0,0.5927349575924089
Japan,Switzerland,Knockout,0.24006010609603143,0.0,0.7599398939039685
Japan,Brazil,Knockout,0.12675835517619174,0.0,0.8732416448238083
Japan,Cameroon,Knockout,0.46248374649588037,0.0,0.5375162535041196
Japan,Serbia,Knockout,0.26482860106134826,0.0,0.7351713989386518
Japan,Uruguay,Knockout,0.26084821105336825,0.0,0.7391517889466317
Japan,Portugal,Knockout,0.19373097139463172,0.0,0.8062690286053682
Japan,Korea Republic,Knockout,0.46081552481224114,0.0,0.5391844751877589
Japan,Ghana,Knockout,0.48117060139068546,0.0,0.5188293986093144
Costa Rica,Morocco,Knockout,0.4576724723333138,0.0,0.5423275276666862
Costa Rica,Belgium,Knockout,0.276974253741549,0.0,0.7230257462584511
Costa Rica,Croatia,Knockout,0.35379793741670307,0.0,0.6462020625832969
Costa Rica,Canada,Knockout,0.5870899344030834,0.0,0.4129100655969165
Costa Rica,Switzerland,Knockout,0.4151638057540767,0.0,0.5848361942459233
Costa Rica,Brazil,Knockout,0.17483812611632332,0.0,0.8251618738836768
Costa Rica,Cameroon,Knockout,0.6088042290710627,0.0,0.39119577092893726
Costa Rica,Serbia,Knockout,0.413094873295427,0.0,0.586905126704573
Costa Rica,Uruguay,Knockout,0.3883097914135459,0.0,0.6116902085864541
Costa Rica,Portugal,Knockout,0.2817672903824264,0.0,0.7182327096175737
Costa Rica,Korea Republic,Knockout,0.6699641924968324,0.0,0.3300358075031676
Costa Rica,Ghana,Knockout,0.6421910565456933,0.0,0.3578089434543067
Morocco,Belgium,Knockout,0.2706612101917168,0.0,0.7293387898082833
Morocco,Croatia,Knockout,0.3654753074319489,0.0,0.6345246925680511
Morocco,Canada,Knockout,0.6195408499622987,0.0,0.3804591500377013
Morocco,Switzerland,Knockout,0.4453113547488825,0.0,0.5546886452511176
Morocco,Brazil,Knockout,0.18081344071699418,0.0,0.8191865592830058
Morocco,Cameroon,Knockout,0.6019895650932134,0.0,0.3980104349067866
Morocco,Serbia,Knockout,0.41982801674482173,0.0,0.5801719832551783
Morocco,Uruguay,Knockout,0.44649869801327335,0.0,0.5535013019867266
Morocco,Portugal,Knockout,0.2869570194494226,0.0,0.7130429805505774
Morocco,Korea Republic,Knockout,0.6753628577542283,0.0,0.3246371422457717
Morocco,Ghana,Knockout,0.653809747332655,0.0,0.34619025266734493
Belgium,Croatia,Knockout,0.445576863841677,0.0,0.554423136158323
Belgium,Canada,Knockout,0.7377981797784778,0.0,0.26220182022152216
Belgium,Switzerland,Knockout,0.5715490342192014,0.0,0.4284509657807985
Belgium,Brazil,Knockout,0.2657244343452544,0.0,0.7342755656547457
Belgium,Cameroon,Knockout,0.7580638539395598,0.0,0.24193614606044017
Belgium,Serbia,Knockout,0.4972171628008212,0.0,0.5027828371991787
Belgium,Uruguay,Knockout,0.5994593966258195,0.0,0.4005406033741805
Belgium,Portugal,Knockout,0.41165797929372244,0.0,0.5883420207062776
Belgium,Korea Republic,Knockout,0.7638781097420582,0.0,0.23612189025794192
Belgium,Ghana,Knockout,0.7840204321572873,0.0,0.21597956784271274
Croatia,Canada,Knockout,0.7624307227158299,0.0,0.23756927728417004
Croatia,Switzerland,Knockout,0.6333416892483775,0.0,0.36665831075162253
Croatia,Brazil,Knockout,0.29798105586523715,0.0,0.7020189441347628
Croatia,Cameroon,Knockout,0.7784252593840929,0.0,0.22157474061590718
Croatia,Serbia,Knockout,0.5976964331797338,0.0,0.40230356682026625
Croatia,Uruguay,Knockout,0.6317473426893481,0.0,0.3682526573106518
Croatia,Portugal,Knockout,0.44623278425481266,0.0,0.5537672157451874
Croatia,Korea Republic,Knockout,0.7859675564427961,0.0,0.21403244355720397
Croatia,Ghana,Knockout,0.79934836959292,0.0,0.2006516304070801
Canada,Switzerland,Knockout,0.33424271707373365,0.0,0.6657572829262662
Canada,Brazil,Knockout,0.16312511764970467,0.0,0.8368748823502954
Canada,Cameroon,Knockout,0.5597537868825604,0.0,0.44024621311743967
Canada,Serbia,Knockout,0.37034561587905757,0.0,0.6296543841209423
Canada,Uruguay,Knockout,0.36370417655229154,0.0,0.6362958234477084
Canada,Portugal,Knockout,0.2539703700811475,0.0,0.7460296299188526
Canada,Korea Republic,Knockout,0.5925008305496188,0.0,0.4074991694503811
Canada,Ghana,Knockout,0.5775805214163635,0.0,0.42241947858363643
Switzerland,Brazil,Knockout,0.28253684357840303,0.0,0.717463156421597
Switzerland,Cameroon,Knockout,0.7397117742862701,0.0,0.2602882257137299
Switzerland,Serbia,Knockout,0.5262187813055028,0.0,0.4737812186944972
Switzerland,Uruguay,Knockout,0.5041241217808773,0.0,0.4958758782191228
Switzerland,Portugal,Knockout,0.3931939051234761,0.0,0.6068060948765239
Switzerland,Korea Republic,Knockout,0.7779175370116501,0.0,0.22208246298834983
Switzerland,Ghana,Knockout,0.774420065101064,0.0,0.22557993489893607
Brazil,Cameroon,Knockout,0.8474025568432804,0.0,0.1525974431567197
Brazil,Serbia,Knockout,0.7421233538363935,0.0,0.25787664616360656
Brazil,Uruguay,Knockout,0.7416004015738673,0.0,0.25839959842613275
Brazil,Portugal,Knockout,0.6071330669886468,0.0,0.3928669330113533
Brazil,Korea Republic,Knockout,0.8512853250681232,0.0,0.14871467493187673
Brazil,Ghana,Knockout,0.8484088985324928,0.0,0.15159110146750712
Cameroon,Serbia,Knockout,0.3451550815539073,0.0,0.6548449184460927
Cameroon,Uruguay,Knockout,0.3240060857853924,0.0,0.6759939142146075
Cameroon,Portugal,Knockout,0.2023572641773854,0.0,0.7976427358226146
Cameroon,Korea Republic,Knockout,0.5598592769151675,0.0,0.4401407230848325
Cameroon,Ghana,Knockout,0.5856358577072104,0.0,0.4143641422927895
Serbia,Uruguay,Knockout,0.47995029299511643,0.0,0.5200497070048836
Serbia,Portugal,Knockout,0.37153157698613204,0.0,0.628468423013868
Serbia,Korea Republic,Knockout,0.7456146077991432,0.0,0.2543853922008568
Serbia,Ghana,Knockout,0.7384638034822747,0.0,0.26153619651772525
Uruguay,Portugal,Knockout,0.357069228962296,0.0,0.642930771037704
Uruguay,Korea Republic,Knockout,0.7686628178108255,0.0,0.23133718218917454
Uruguay,Ghana,Knockout,0.7645497915357615,0.0,0.23545020846423845
Portugal,Korea Republic,Knockout,0.792328173281159,0.0,0.20767182671884105
Portugal,Ghana,Knockout,0.8059260654796472,0.0,0.1940739345203528
Korea Republic,Ghana,Knockout,0.5003085504697453,0.0,0.4996914495302547
