"","home_team","away_team","stage","home_team_prob","draw_prob","away_team_prob"
"1","Qatar","Ecuador","Group",0.208900147123152,0.276047261009667,0.515052591867181
"2","Senegal","Netherlands","Group",0.154816561850183,0.21271676300578,0.632466675144037
"3","Qatar","Senegal","Group",0.276117921534619,0.255813953488372,0.468068124977009
"4","Netherlands","Ecuador","Group",0.560270898888169,0.24025974025974,0.19946936085209
"5","Ecuador","Senegal","Group",0.423536260463009,0.285263157894737,0.291200581642254
"6","Netherlands","Qatar","Group",0.711820333570392,0.185393258426966,0.102786408002641
"7","England","Iran","Group",0.416663732146687,0.2705078125,0.312828455353313
"8","USA","Wales","Group",0.413509425070526,0.2705078125,0.315982762429474
"9","Wales","Iran","Group",0.278714959583633,0.255813953488372,0.465471086927995
"10","England","USA","Group",0.468537983179693,0.255813953488372,0.275648063331935
"11","Wales","England","Group",0.224523600307512,0.276047261009667,0.499429138682821
"12","Iran","USA","Group",0.398771966980742,0.288753799392097,0.312474233627161
"13","Argentina","Saudi Arabia","Group",0.792359810660606,0.14548802946593,0.0621521598734639
"14","Mexico","Poland","Group",0.419518263260605,0.2705078125,0.309973924239395
"15","Poland","Saudi Arabia","Group",0.467506621517303,0.273298429319372,0.259194949163325
"16","Argentina","Mexico","Group",0.672330956638439,0.198931909212283,0.128737134149278
"17","Poland","Argentina","Group",0.100965898750507,0.185393258426966,0.713640842822527
"18","Saudi Arabia","Mexico","Group",0.210383632155477,0.276047261009667,0.513569106834856
"19","Denmark","Tunisia","Group",0.577499158742175,0.235607675906183,0.186893165351641
"20","France","Australia","Group",0.60773357537033,0.224669603524229,0.167596821105441
"21","Tunisia","Australia","Group",0.339326430036803,0.320075757575758,0.34059781238744
"22","France","Denmark","Group",0.384674025491911,0.288753799392097,0.326572175115992
"23","Australia","Denmark","Group",0.187421719249694,0.235607675906183,0.576970604844123
"24","Tunisia","France","Group",0.167106052142738,0.224669603524229,0.608224344333033
"25","Germany","Japan","Group",0.490790672919133,0.27037773359841,0.238831593482457
"26","Spain","Costa Rica","Group",0.628500549304115,0.21271676300578,0.158782687690105
"27","Japan","Costa Rica","Group",0.387433284844393,0.288753799392097,0.32381291576351
"28","Spain","Germany","Group",0.459044880365507,0.255813953488372,0.285141166146121
"29","Japan","Spain","Group",0.179963659506753,0.224669603524229,0.595366736969018
"30","Costa Rica","Germany","Group",0.209312941713652,0.276047261009667,0.514639797276681
"31","Morocco","Croatia","Group",0.27025434332493,0.255813953488372,0.473931703186698
"32","Belgium","Canada","Group",0.577788133905654,0.235607675906183,0.186604190188162
"33","Belgium","Morocco","Group",0.597480593992255,0.224669603524229,0.177849802483516
"34","Croatia","Canada","Group",0.459743034417219,0.255813953488372,0.284443012094408
"35","Croatia","Belgium","Group",0.249237489491982,0.273298429319372,0.477464081188646
"36","Canada","Morocco","Group",0.366232657493094,0.296220633299285,0.337546709207621
"37","Switzerland","Cameroon","Group",0.675690858129641,0.198931909212283,0.125377232658076
"38","Brazil","Serbia","Group",0.676084740165641,0.198931909212283,0.124983350622076
"39","Cameroon","Serbia","Group",0.158715931033929,0.21271676300578,0.628567305960291
"40","Brazil","Switzerland","Group",0.629039350658642,0.21271676300578,0.158243886335578
"41","Serbia","Switzerland","Group",0.309000555944112,0.2705078125,0.420491631555888
"42","Cameroon","Brazil","Group",0.0413432069512311,0.0729613733905579,0.885695419658211
"43","Uruguay","Korea Republic","Group",0.469055364100119,0.273298429319372,0.257646206580509
"44","Portugal","Ghana","Group",0.764231622562306,0.159264931087289,0.0765034463504047
"45","Korea Republic","Ghana","Group",0.634771037930842,0.21271676300578,0.152512199063377
"46","Portugal","Uruguay","Group",0.414832278708183,0.2705078125,0.314659908791817
"47","Ghana","Uruguay","Group",0.0949727076565187,0.185393258426966,0.719634033916515
"48","Korea Republic","Portugal","Group",0.212920270738396,0.276047261009667,0.511032468251937
"49","Qatar","Senegal","Knockout",0.371033457062145,0,0.628966542937855
"50","Qatar","Netherlands","Knockout",0.126179176720484,0,0.873820823279516
"51","Qatar","Ecuador","Knockout",0.28855495099652,0,0.71144504900348
"52","Qatar","England","Knockout",0.217536423980063,0,0.782463576019937
"53","Qatar","USA","Knockout",0.32091090218468,0,0.67908909781532
"54","Qatar","Wales","Knockout",0.382111357774005,0,0.617888642225995
"55","Qatar","Iran","Knockout",0.270229886047804,0,0.729770113952196
"56","Qatar","Argentina","Knockout",0.0706189501582132,0,0.929381049841787
"57","Qatar","Mexico","Knockout",0.284094307178272,0,0.715905692821728
"58","Qatar","Poland","Knockout",0.349412344629259,0,0.650587655370741
"59","Qatar","Saudi Arabia","Knockout",0.492053099925065,0,0.507946900074935
"60","Qatar","Denmark","Knockout",0.176970853760471,0,0.823029146239529
"61","Qatar","France","Knockout",0.15436709192074,0,0.845632908079261
"62","Qatar","Tunisia","Knockout",0.399191085848107,0,0.600808914151893
"63","Qatar","Australia","Knockout",0.398294484988689,0,0.601705515011311
"64","Qatar","Germany","Knockout",0.181914261967855,0,0.818085738032145
"65","Qatar","Spain","Knockout",0.121361989623398,0,0.878638010376602
"66","Qatar","Japan","Knockout",0.313636516459807,0,0.686363483540193
"67","Qatar","Costa Rica","Knockout",0.353475964567643,0,0.646524035432357
"68","Qatar","Morocco","Knockout",0.333608586938093,0,0.666391413061907
"69","Qatar","Belgium","Knockout",0.129691272174437,0,0.870308727825563
"70","Qatar","Croatia","Knockout",0.222076116656391,0,0.777923883343609
"71","Qatar","Canada","Knockout",0.31572815379482,0,0.68427184620518
"72","Qatar","Switzerland","Knockout",0.201172361476944,0,0.798827638523056
"73","Qatar","Brazil","Knockout",0.0595781570809467,0,0.940421842919053
"74","Qatar","Cameroon","Knockout",0.575768278462279,0,0.424231721537721
"75","Qatar","Serbia","Knockout",0.255231655252777,0,0.744768344747223
"76","Qatar","Uruguay","Knockout",0.188269823610301,0,0.811730176389699
"77","Qatar","Portugal","Knockout",0.149608657207748,0,0.850391342792252
"78","Qatar","Korea Republic","Knockout",0.296888598285808,0,0.703111401714192
"79","Qatar","Ghana","Knockout",0.637345524435711,0,0.362654475564289
"80","Senegal","Netherlands","Knockout",0.196646587372112,0,0.803353412627888
"81","Senegal","Ecuador","Knockout",0.407423494197558,0,0.592576505802442
"82","Senegal","England","Knockout",0.320321384260704,0,0.679678615739296
"83","Senegal","USA","Knockout",0.44477547142267,0,0.55522452857733
"84","Senegal","Wales","Knockout",0.511795224488445,0,0.488204775511556
"85","Senegal","Iran","Knockout",0.385641436516744,0,0.614358563483256
"86","Senegal","Argentina","Knockout",0.114109536670388,0,0.885890463329612
"87","Senegal","Mexico","Knockout",0.402164032348661,0,0.597835967651339
"88","Senegal","Poland","Knockout",0.476557827466358,0,0.523442172533642
"89","Senegal","Saudi Arabia","Knockout",0.621517809609725,0,0.378482190390275
"90","Senegal","Denmark","Knockout",0.267132381165351,0,0.732867618834649
"91","Senegal","France","Knockout",0.236319276049834,0,0.763680723950166
"92","Senegal","Tunisia","Knockout",0.529702262532571,0,0.470297737467429
"93","Senegal","Australia","Knockout",0.528770514232064,0,0.471229485767936
"94","Senegal","Germany","Knockout",0.273756599539338,0,0.726243400460662
"95","Senegal","Spain","Knockout",0.189723247843063,0,0.810276752156938
"96","Senegal","Japan","Knockout",0.436498071861806,0,0.563501928138194
"97","Senegal","Costa Rica","Knockout",0.481006878346305,0,0.518993121653695
"98","Senegal","Morocco","Knockout",0.459061111688583,0,0.540938888311417
"99","Senegal","Belgium","Knockout",0.201667417767734,0,0.798332582232266
"100","Senegal","Croatia","Knockout",0.3261120829193,0,0.6738879170807
"101","Senegal","Canada","Knockout",0.43888514205758,0,0.56111485794242
"102","Senegal","Switzerland","Knockout",0.299181753604885,0,0.700818246395115
"103","Senegal","Brazil","Knockout",0.0969787937766593,0,0.903021206223341
"104","Senegal","Cameroon","Knockout",0.697033512063007,0,0.302966487936993
"105","Senegal","Serbia","Knockout",0.367463062772985,0,0.632536937227015
"106","Senegal","Uruguay","Knockout",0.28221396499225,0,0.71778603500775
"107","Senegal","Portugal","Knockout",0.229720888338133,0,0.770279111661867
"108","Senegal","Korea Republic","Knockout",0.417177098277275,0,0.582822901722725
"109","Senegal","Ghana","Knockout",0.74869177979892,0,0.25130822020108
"110","Netherlands","Ecuador","Knockout",0.737450584861351,0,0.262549415138649
"111","Netherlands","England","Knockout",0.658156866197282,0,0.341843133802718
"112","Netherlands","USA","Knockout",0.765950263555418,0,0.234049736444582
"113","Netherlands","Wales","Knockout",0.810701722930835,0,0.189298277069165
"114","Netherlands","Iran","Knockout",0.719446124229558,0,0.280553875770442
"115","Netherlands","Argentina","Knockout",0.344783757935688,0,0.655216242064312
"116","Netherlands","Mexico","Knockout",0.73320215510866,0,0.26679784489134
"117","Netherlands","Poland","Knockout",0.788106442886906,0,0.211893557113094
"118","Netherlands","Saudi Arabia","Knockout",0.870273837942637,0,0.129726162057363
"119","Netherlands","Denmark","Knockout",0.598246905965809,0,0.401753094034191
"120","Netherlands","France","Knockout",0.558338224790781,0,0.441661775209219
"121","Netherlands","Tunisia","Knockout",0.821469549090855,0,0.178530450909145
"122","Netherlands","Australia","Knockout",0.820920423286416,0,0.179079576713584
"123","Netherlands","Germany","Knockout",0.606289268031528,0,0.393710731968472
"124","Netherlands","Spain","Knockout",0.488896113196312,0,0.511103886803688
"125","Netherlands","Japan","Knockout",0.759875997241479,0,0.240124002758521
"126","Netherlands","Costa Rica","Knockout",0.791068402724889,0,0.208931597275111
"127","Netherlands","Morocco","Knockout",0.77613158325282,0,0.22386841674718
"128","Netherlands","Belgium","Knockout",0.507869650327773,0,0.492130349672227
"129","Netherlands","Croatia","Knockout",0.664087658830893,0,0.335912341169107
"130","Netherlands","Canada","Knockout",0.761641242006258,0,0.238358757993742
"131","Netherlands","Switzerland","Knockout",0.635570353712015,0,0.364429646287985
"132","Netherlands","Brazil","Knockout",0.304943395646334,0,0.695056604353666
"133","Netherlands","Cameroon","Knockout",0.903836436175113,0,0.0961635638248866
"134","Netherlands","Serbia","Knockout",0.703552168460259,0,0.296447831539741
"135","Netherlands","Uruguay","Knockout",0.616301827458077,0,0.383698172541923
"136","Netherlands","Portugal","Knockout",0.549214806942303,0,0.450785193057697
"137","Netherlands","Korea Republic","Knockout",0.745169681294148,0,0.254830318705852
"138","Netherlands","Ghana","Knockout",0.924074059597883,0,0.0759259404021167
"139","Ecuador","England","Knockout",0.406689366907341,0,0.593310633092659
"140","Ecuador","USA","Knockout",0.538131771010376,0,0.461868228989624
"141","Ecuador","Wales","Knockout",0.603917833543033,0,0.396082166456967
"142","Ecuador","Iran","Knockout",0.477254733391625,0,0.522745266608376
"143","Ecuador","Argentina","Knockout",0.157784245125489,0,0.842215754874511
"144","Ecuador","Mexico","Knockout",0.494542828947059,0,0.505457171052941
"145","Ecuador","Poland","Knockout",0.569739728346481,0,0.430260271653519
"146","Ecuador","Saudi Arabia","Knockout",0.704875182784897,0,0.295124817215103
"147","Ecuador","Denmark","Knockout",0.346469611206512,0,0.653530388793488
"148","Ecuador","France","Knockout",0.310380886091661,0,0.689619113908339
"149","Ecuador","Tunisia","Knockout",0.620948465031386,0,0.379051534968614
"150","Ecuador","Australia","Knockout",0.620067830015347,0,0.379932169984653
"151","Ecuador","Germany","Knockout",0.354110593911934,0,0.645889406088066
"152","Ecuador","Spain","Knockout",0.254039549649789,0,0.745960450350211
"153","Ecuador","Japan","Knockout",0.529774734917078,0,0.470225265082922
"154","Ecuador","Costa Rica","Knockout",0.574104581482016,0,0.425895418517984
"155","Ecuador","Morocco","Knockout",0.552432489678738,0,0.447567510321262
"156","Ecuador","Belgium","Knockout",0.268690113747392,0,0.731309886252608
"157","Ecuador","Croatia","Knockout",0.413092460786896,0,0.586907539213104
"158","Ecuador","Canada","Knockout",0.532190149573161,0,0.467809850426839
"159","Ecuador","Switzerland","Knockout",0.383062278577688,0,0.616937721422312
"160","Ecuador","Brazil","Knockout",0.135096700526607,0,0.864903299473393
"161","Ecuador","Cameroon","Knockout",0.769916203859221,0,0.230083796140779
"162","Ecuador","Serbia","Knockout",0.457977118048533,0,0.542022881951467
"163","Ecuador","Uruguay","Knockout",0.363806835186483,0,0.636193164813517
"164","Ecuador","Portugal","Knockout",0.302533794894019,0,0.697466205105981
"165","Ecuador","Korea Republic","Knockout",0.510062210250541,0,0.489937789749459
"166","Ecuador","Ghana","Knockout",0.812490399716789,0,0.187509600283211
"167","England","USA","Knockout",0.629597914897713,0,0.370402085102287
"168","England","Wales","Knockout",0.689864285035173,0,0.310135714964827
"169","England","Iran","Knockout",0.571169560533076,0,0.428830439466924
"170","England","Argentina","Knockout",0.214646873144899,0,0.785353126855101
"171","England","Mexico","Knockout",0.588032771444397,0,0.411967228555603
"172","England","Poland","Knockout",0.658913860225503,0,0.341086139774497
"173","England","Saudi Arabia","Knockout",0.777003848977644,0,0.222996151022356
"174","England","Denmark","Knockout",0.43611963958338,0,0.56388036041662
"175","England","France","Knockout",0.396356244504624,0,0.603643755495376
"176","England","Tunisia","Knockout",0.705004554679821,0,0.294995445320179
"177","England","Australia","Knockout",0.704226184893041,0,0.295773815106959
"178","England","Germany","Knockout",0.444393325034055,0,0.555606674965945
"179","England","Spain","Knockout",0.331919946138617,0,0.668080053861383
"180","England","Japan","Knockout",0.621732530362378,0,0.378267469637622
"181","England","Costa Rica","Knockout",0.66290930898638,0,0.33709069101362
"182","England","Morocco","Knockout",0.642945670955368,0,0.357054329044632
"183","England","Belgium","Knockout",0.34896082700824,0,0.65103917299176
"184","England","Croatia","Knockout",0.50661775800041,0,0.49338224199959
"185","England","Canada","Knockout",0.624010825712707,0,0.375989174287293
"186","England","Switzerland","Knockout",0.475294617293585,0,0.524705382706415
"187","England","Brazil","Knockout",0.18558478950455,0,0.81441521049545
"188","England","Cameroon","Knockout",0.829982964699185,0,0.170017035300815
"189","England","Serbia","Knockout",0.552105003896234,0,0.447894996103766
"190","England","Uruguay","Knockout",0.454820874078857,0,0.545179125921143
"191","England","Portugal","Knockout",0.387557070786919,0,0.612442929213081
"192","England","Korea Republic","Knockout",0.602986064262857,0,0.397013935737143
"193","England","Ghana","Knockout",0.863414310744806,0,0.136585689255194
"194","USA","Wales","Knockout",0.566845584032421,0,0.433154415967579
"195","USA","Iran","Knockout",0.439333431039897,0,0.560666568960103
"196","USA","Argentina","Knockout",0.138520672461379,0,0.861479327538621
"197","USA","Mexico","Knockout",0.456447309732161,0,0.543552690267839
"198","USA","Poland","Knockout",0.531947792309605,0,0.468052207690395
"199","USA","Saudi Arabia","Knockout",0.672122056361802,0,0.327877943638198
"200","USA","Denmark","Knockout",0.312723397985762,0,0.687276602014238
"201","USA","France","Knockout",0.278650982547263,0,0.721349017452737
"202","USA","Tunisia","Knockout",0.584373203856671,0,0.415626796143329
"203","USA","Australia","Knockout",0.583464595894437,0,0.416535404105563
"204","USA","Germany","Knockout",0.319984542294318,0,0.680015457705682
"205","USA","Spain","Knockout",0.226180297367164,0,0.773819702632836
"206","USA","Japan","Knockout",0.491604837667385,0,0.508395162332615
"207","USA","Costa Rica","Knockout",0.536384057866898,0,0.463615942133102
"208","USA","Morocco","Knockout",0.514416008894026,0,0.485583991105974
"209","USA","Belgium","Knockout",0.239740561820862,0,0.760259438179138
"210","USA","Croatia","Knockout",0.376596496208432,0,0.623403503791568
"211","USA","Canada","Knockout",0.494029062035696,0,0.505970937964304
"212","USA","Switzerland","Knockout",0.34764788572602,0,0.65235211427398
"213","USA","Brazil","Knockout",0.118214223387135,0,0.881785776612865
"214","USA","Cameroon","Knockout",0.741736616081793,0,0.258263383918207
"215","USA","Serbia","Knockout",0.420355836470643,0,0.579644163529357
"216","USA","Uruguay","Knockout",0.329222647111597,0,0.670777352888403
"217","USA","Portugal","Knockout",0.27129051224322,0,0.72870948775678
"218","USA","Korea Republic","Knockout",0.471887292993527,0,0.528112707006473
"219","USA","Ghana","Knockout",0.788089930952236,0,0.211910069047764
"220","Wales","Iran","Knockout",0.374523226940507,0,0.625476773059493
"221","Wales","Argentina","Knockout",0.109425371097142,0,0.890574628902858
"222","Wales","Mexico","Knockout",0.390872538998622,0,0.609127461001378
"223","Wales","Poland","Knockout",0.464801533282873,0,0.535198466717127
"224","Wales","Saudi Arabia","Knockout",0.61035528722765,0,0.38964471277235
"225","Wales","Denmark","Knockout",0.257996030898398,0,0.742003969101601
"226","Wales","France","Knockout",0.227909051607951,0,0.772090948392049
"227","Wales","Tunisia","Knockout",0.517932167815015,0,0.482067832184985
"228","Wales","Australia","Knockout",0.516998363640227,0,0.483001636359773
"229","Wales","Germany","Knockout",0.264475450480479,0,0.735524549519521
"230","Wales","Spain","Knockout",0.182574853179214,0,0.817425146820786
"231","Wales","Japan","Knockout",0.424927769630534,0,0.575072230369466
"232","Wales","Costa Rica","Knockout",0.469239218979306,0,0.530760781020694
"233","Wales","Morocco","Knockout",0.447367548543932,0,0.552632451456068
"234","Wales","Belgium","Knockout",0.194176837515599,0,0.805823162484401
"235","Wales","Croatia","Knockout",0.315827841457017,0,0.684172158542983
"236","Wales","Canada","Knockout",0.427299545975084,0,0.572700454024916
"237","Wales","Switzerland","Knockout",0.28938208858436,0,0.71061791141564
"238","Wales","Brazil","Knockout",0.0929240782120441,0,0.907075921787956
"239","Wales","Cameroon","Knockout",0.686976461526667,0,0.313023538473333
"240","Wales","Serbia","Knockout",0.356564769149779,0,0.64343523085022
"241","Wales","Uruguay","Knockout",0.272753772908474,0,0.727246227091526
"242","Wales","Portugal","Knockout",0.221477387322209,0,0.778522612677791
"243","Wales","Korea Republic","Knockout",0.405750169973546,0,0.594249830026454
"244","Wales","Ghana","Knockout",0.739709183369421,0,0.260290816630579
"245","Iran","Argentina","Knockout",0.170263102543652,0,0.829736897456348
"246","Iran","Mexico","Knockout",0.517296683345606,0,0.482703316654394
"247","Iran","Poland","Knockout",0.591901878011457,0,0.408098121988543
"248","Iran","Saudi Arabia","Knockout",0.723455295725762,0,0.276544704274239
"249","Iran","Denmark","Knockout",0.367362144701085,0,0.632637855298915
"250","Iran","France","Knockout",0.330196749611057,0,0.669803250388943
"251","Iran","Tunisia","Knockout",0.642129733166211,0,0.357870266833789
"252","Iran","Australia","Knockout",0.641269878706036,0,0.358730121293964
"253","Iran","Germany","Knockout",0.375199359941039,0,0.624800640058961
"254","Iran","Spain","Knockout",0.271675427407028,0,0.728324572592972
"255","Iran","Japan","Knockout",0.552378112511382,0,0.447621887488618
"256","Iran","Costa Rica","Knockout",0.596201248321614,0,0.403798751678386
"257","Iran","Morocco","Knockout",0.574820833688599,0,0.425179166311401
"258","Iran","Belgium","Knockout",0.286951819723273,0,0.713048180276727
"259","Iran","Croatia","Knockout",0.435326356739709,0,0.564673643260291
"260","Iran","Canada","Knockout",0.554774996969069,0,0.445225003030931
"261","Iran","Switzerland","Knockout",0.404794644113306,0,0.595205355886694
"262","Iran","Brazil","Knockout",0.146092488558333,0,0.853907511441667
"263","Iran","Cameroon","Knockout",0.785646767369199,0,0.214353232630801
"264","Iran","Serbia","Knockout",0.480648397935766,0,0.519351602064234
"265","Iran","Uruguay","Knockout",0.385128731984595,0,0.614871268015405
"266","Iran","Portugal","Knockout",0.322082654349812,0,0.677917345650188
"267","Iran","Korea Republic","Knockout",0.532777470048113,0,0.467222529951887
"268","Iran","Ghana","Knockout",0.825968160154408,0,0.174031839845592
"269","Argentina","Mexico","Knockout",0.839293144203651,0,0.160706855796349
"270","Argentina","Poland","Knockout",0.876055655326964,0,0.123944344673036
"271","Argentina","Saudi Arabia","Knockout",0.927265899113597,0,0.0727341008864028
"272","Argentina","Denmark","Knockout",0.738891245018477,0,0.261108754981523
"273","Argentina","France","Knockout",0.706089859164683,0,0.293910140835317
"274","Argentina","Tunisia","Knockout",0.897374199892363,0,0.102625800107637
"275","Argentina","Australia","Knockout",0.897029277282077,0,0.102970722717923
"276","Argentina","Germany","Knockout",0.74531674344876,0,0.25468325655124
"277","Argentina","Spain","Knockout",0.645112764739902,0,0.354887235260098
"278","Argentina","Japan","Knockout",0.857422817325296,0,0.142577182674704
"279","Argentina","Costa Rica","Knockout",0.877978561097065,0,0.122021438902935
"280","Argentina","Morocco","Knockout",0.868220026811696,0,0.131779973188304
"281","Argentina","Belgium","Knockout",0.662292930722889,0,0.337707069277111
"282","Argentina","Croatia","Knockout",0.789781990005708,0,0.210218009994292
"283","Argentina","Canada","Knockout",0.858604394359116,0,0.141395605640884
"284","Argentina","Switzerland","Knockout",0.768211035954718,0,0.231788964045282
"285","Argentina","Brazil","Knockout",0.454670002151975,0,0.545329997848025
"286","Argentina","Cameroon","Knockout",0.946981857501215,0,0.0530181424987848
"287","Argentina","Serbia","Knockout",0.818514992071225,0,0.181485007928775
"288","Argentina","Uruguay","Knockout",0.753232710248973,0,0.246767289751027
"289","Argentina","Portugal","Knockout",0.698369713716,0,0.301630286284
"290","Argentina","Korea Republic","Knockout",0.847491688448134,0,0.152508311551866
"291","Argentina","Ghana","Knockout",0.958555874682518,0,0.0414441253174821
"292","Mexico","Poland","Knockout",0.575082599168487,0,0.424917400831513
"293","Mexico","Saudi Arabia","Knockout",0.709395902764468,0,0.290604097235532
"294","Mexico","Denmark","Knockout",0.351428865956691,0,0.648571134043309
"295","Mexico","France","Knockout",0.315072617603488,0,0.684927382396512
"296","Mexico","Tunisia","Knockout",0.626072785542895,0,0.373927214457105
"297","Mexico","Australia","Knockout",0.625196869744721,0,0.374803130255279
"298","Mexico","Germany","Knockout",0.359119119407092,0,0.640880880592908
"299","Mexico","Spain","Knockout",0.258198490088802,0,0.741801509911198
"300","Mexico","Japan","Knockout",0.535209022102497,0,0.464790977897503
"301","Mexico","Costa Rica","Knockout",0.579433260854694,0,0.420566739145306
"302","Mexico","Morocco","Knockout",0.557823479893576,0,0.442176520106424
"303","Mexico","Belgium","Knockout",0.273001124241955,0,0.726998875758045
"304","Mexico","Croatia","Knockout",0.418394820512053,0,0.581605179487947
"305","Mexico","Canada","Knockout",0.537620885610712,0,0.462379114389288
"306","Mexico","Switzerland","Knockout",0.388234156519305,0,0.611765843480695
"307","Mexico","Brazil","Knockout",0.137667765291945,0,0.862332234708055
"308","Mexico","Cameroon","Knockout",0.773760401736618,0,0.226239598263382
"309","Mexico","Serbia","Knockout",0.463400716424209,0,0.536599283575791
"310","Mexico","Uruguay","Knockout",0.36887417998305,0,0.63112582001695
"311","Mexico","Portugal","Knockout",0.307159742008582,0,0.692840257991418
"312","Mexico","Korea Republic","Knockout",0.515515973300474,0,0.484484026699526
"313","Mexico","Ghana","Knockout",0.815793463264852,0,0.184206536735148
"314","Poland","Saudi Arabia","Knockout",0.64332683508505,0,0.35667316491495
"315","Poland","Denmark","Knockout",0.285899521684609,0,0.714100478315391
"316","Poland","France","Knockout",0.253670964132699,0,0.746329035867301
"317","Poland","Tunisia","Knockout",0.552996831352008,0,0.447003168647992
"318","Poland","Australia","Knockout",0.552072207746993,0,0.447927792253007
"319","Poland","Germany","Knockout",0.292803185447599,0,0.707196814552401
"320","Poland","Spain","Knockout",0.204570110912896,0,0.795429889087104
"321","Poland","Japan","Knockout",0.459700280010077,0,0.540299719989923
"322","Poland","Costa Rica","Knockout",0.504456988598981,0,0.495543011401019
"323","Poland","Morocco","Knockout",0.48243585924578,0,0.51756414075422
"324","Poland","Belgium","Knockout",0.217198426849465,0,0.782801573150535
"325","Poland","Croatia","Knockout",0.347060540521938,0,0.652939459478062
"326","Poland","Canada","Knockout",0.46211018091387,0,0.53788981908613
"327","Poland","Switzerland","Knockout",0.319219750166665,0,0.680780249833335
"328","Poland","Brazil","Knockout",0.10551299853154,0,0.89448700146846
"329","Poland","Cameroon","Knockout",0.716476163151768,0,0.283523836848232
"330","Poland","Serbia","Knockout",0.389532363962664,0,0.610467636037336
"331","Poland","Uruguay","Knockout",0.301604603712167,0,0.698395396287833
"332","Poland","Portugal","Knockout",0.246744628075023,0,0.753255371924977
"333","Poland","Korea Republic","Knockout",0.44015449897966,0,0.55984550102034
"334","Poland","Ghana","Knockout",0.765932537867164,0,0.234067462132836
"335","Saudi Arabia","Denmark","Knockout",0.181648821622266,0,0.818351178377734
"336","Saudi Arabia","France","Knockout",0.15856267448007,0,0.84143732551993
"337","Saudi Arabia","Tunisia","Knockout",0.406839455429542,0,0.593160544570458
"338","Saudi Arabia","Australia","Knockout",0.405937282719882,0,0.594062717280118
"339","Saudi Arabia","Germany","Knockout",0.186693260483211,0,0.813306739516789
"340","Saudi Arabia","Spain","Knockout",0.124792899387101,0,0.875207100612899
"341","Saudi Arabia","Japan","Knockout",0.320520169416752,0,0.679479830583248
"342","Saudi Arabia","Costa Rica","Knockout",0.360774400882724,0,0.639225599117276
"343","Saudi Arabia","Morocco","Knockout",0.340712988744421,0,0.659287011255579
"344","Saudi Arabia","Belgium","Knockout",0.13332192178466,0,0.86667807821534
"345","Saudi Arabia","Croatia","Knockout",0.227616636834312,0,0.772383363165688
"346","Saudi Arabia","Canada","Knockout",0.322636134421896,0,0.677363865578104
"347","Saudi Arabia","Switzerland","Knockout",0.206329683239054,0,0.793670316760946
"348","Saudi Arabia","Brazil","Knockout",0.0613844599887209,0,0.938615540011279
"349","Saudi Arabia","Cameroon","Knockout",0.583514035671194,0,0.416485964328806
"350","Saudi Arabia","Serbia","Knockout",0.261321493745589,0,0.738678506254411
"351","Saudi Arabia","Uruguay","Knockout",0.193176360918509,0,0.806823639081491
"352","Saudi Arabia","Portugal","Knockout",0.153698415621939,0,0.846301584378061
"353","Saudi Arabia","Korea Republic","Knockout",0.303567245197641,0,0.696432754802359
"354","Saudi Arabia","Ghana","Knockout",0.644660851920147,0,0.355339148079853
"355","Denmark","France","Knockout",0.45915489578274,0,0.54084510421726
"356","Denmark","Tunisia","Knockout",0.755500991492553,0,0.244499008507447
"357","Denmark","Australia","Knockout",0.754809522097333,0,0.245190477902667
"358","Denmark","Germany","Knockout",0.508392938172432,0,0.491607061827568
"359","Denmark","Spain","Knockout",0.3911243070131,0,0.6088756929869
"360","Denmark","Japan","Knockout",0.68001352129731,0,0.31998647870269
"361","Denmark","Costa Rica","Knockout",0.717726410959652,0,0.282273589040348
"362","Denmark","Morocco","Knockout",0.699537777577592,0,0.300462222422408
"363","Denmark","Belgium","Knockout",0.409342369758772,0,0.590657630241228
"364","Denmark","Croatia","Knockout",0.570379108817416,0,0.429620891182584
"365","Denmark","Canada","Knockout",0.682120263930802,0,0.317879736069198
"366","Denmark","Switzerland","Knockout",0.53942385082184,0,0.46057614917816
"367","Denmark","Brazil","Knockout",0.227578884385155,0,0.772421115614845
"368","Denmark","Cameroon","Knockout",0.863236085522073,0,0.136763914477927
"369","Denmark","Serbia","Knockout",0.614461431033769,0,0.385538568966231
"370","Denmark","Uruguay","Knockout",0.518919647358048,0,0.481080352641952
"371","Denmark","Portugal","Knockout",0.450000877445034,0,0.549999122554966
"372","Denmark","Korea Republic","Knockout",0.662587900088718,0,0.337412099911282
"373","Denmark","Ghana","Knockout",0.890987512635853,0,0.109012487364147
"374","France","Tunisia","Knockout",0.784471171384082,0,0.215528828615918
"375","France","Australia","Knockout",0.783838190960597,0,0.216161809039403
"376","France","Germany","Knockout",0.549170617586605,0,0.450829382413395
"377","France","Spain","Knockout",0.430737356515669,0,0.569262643484331
"378","France","Japan","Knockout",0.714548604278951,0,0.285451395721049
"379","France","Costa Rica","Knockout",0.749689502325655,0,0.250310497674345
"380","France","Morocco","Knockout",0.732793676351767,0,0.267206323648233
"381","France","Belgium","Knockout",0.449438574245556,0,0.550561425754443
"382","France","Croatia","Knockout",0.609959832409333,0,0.390040167590667
"383","France","Canada","Knockout",0.716522758448216,0,0.283477241551784
"384","France","Switzerland","Knockout",0.579755244714195,0,0.420244755285805
"385","France","Brazil","Knockout",0.257636821498849,0,0.742363178501151
"386","France","Cameroon","Knockout",0.881444134643071,0,0.118555865356929
"387","France","Serbia","Knockout",0.65245550205775,0,0.34754449794225
"388","France","Uruguay","Knockout",0.55958058204575,0,0.44041941795425
"389","France","Portugal","Knockout",0.490770587724144,0,0.509229412275856
"390","France","Korea Republic","Knockout",0.698168909039409,0,0.301831090960591
"391","France","Ghana","Knockout",0.905903614585878,0,0.0940963854141223
"392","Tunisia","Australia","Knockout",0.499065055875855,0,0.500934944124145
"393","Tunisia","Germany","Knockout",0.250754010265882,0,0.749245989734118
"394","Tunisia","Spain","Knockout",0.172108282685568,0,0.827891717314432
"395","Tunisia","Japan","Knockout",0.407493732463442,0,0.592506267536558
"396","Tunisia","Costa Rica","Knockout",0.451414252213328,0,0.548585747786672
"397","Tunisia","Morocco","Knockout",0.429700778274043,0,0.570299221725957
"398","Tunisia","Belgium","Knockout",0.183194213027588,0,0.816805786972412
"399","Tunisia","Croatia","Knockout",0.300530747090858,0,0.699469252909142
"400","Tunisia","Canada","Knockout",0.409837548921887,0,0.590162451078113
"401","Tunisia","Switzerland","Knockout",0.274851319101779,0,0.725148680898221
"402","Tunisia","Brazil","Knockout",0.0870496537400882,0,0.912950346259912
"403","Tunisia","Cameroon","Knockout",0.671342263004287,0,0.328657736995713
"404","Tunisia","Serbia","Knockout",0.340275909624398,0,0.659724090375602
"405","Tunisia","Uruguay","Knockout",0.258753932855392,0,0.741246067144608
"406","Tunisia","Portugal","Knockout",0.209351805678001,0,0.790648194321999
"407","Tunisia","Korea Republic","Knockout",0.388571306378597,0,0.611428693621403
"408","Tunisia","Ghana","Knockout",0.72565696621818,0,0.27434303378182
"409","Australia","Germany","Knockout",0.25145728168412,0,0.74854271831588
"410","Australia","Spain","Knockout",0.172641806529657,0,0.827358193470343
"411","Australia","Japan","Knockout",0.408396986271695,0,0.591603013728305
"412","Australia","Costa Rica","Knockout",0.452340536620716,0,0.547659463379284
"413","Australia","Morocco","Knockout",0.43061748149976,0,0.569382518500239
"414","Australia","Belgium","Knockout",0.183754474881579,0,0.816245525118421
"415","Australia","Croatia","Knockout",0.301317479931302,0,0.698682520068698
"416","Australia","Canada","Knockout",0.410742396505404,0,0.589257603494597
"417","Australia","Switzerland","Knockout",0.275597314875843,0,0.724402685124157
"418","Australia","Brazil","Knockout",0.0873473210009739,0,0.912652678999026
"419","Australia","Cameroon","Knockout",0.672166885726996,0,0.327833114273004
"420","Australia","Serbia","Knockout",0.341115947156075,0,0.658884052843925
"421","Australia","Uruguay","Knockout",0.259471870968928,0,0.740528129031072
"422","Australia","Portugal","Knockout",0.209971500631583,0,0.790028499368417
"423","Australia","Korea Republic","Knockout",0.389460186527491,0,0.610539813472509
"424","Australia","Ghana","Knockout",0.726400849167267,0,0.273599150832733
"425","Germany","Spain","Knockout",0.38315844200885,0,0.61684155799115
"426","Germany","Japan","Knockout",0.672664055799248,0,0.327335944200752
"427","Germany","Costa Rica","Knockout",0.710874853508294,0,0.289125146491706
"428","Germany","Morocco","Knockout",0.692433922097642,0,0.307566077902358
"429","Germany","Belgium","Knockout",0.4012499807796,0,0.5987500192204
"430","Germany","Croatia","Knockout",0.562132975334677,0,0.437867024665323
"431","Germany","Canada","Knockout",0.674796045642336,0,0.325203954357664
"432","Germany","Switzerland","Knockout",0.531072037353711,0,0.468927962646289
"433","Germany","Brazil","Knockout",0.22173089921667,0,0.77826910078333
"434","Germany","Cameroon","Knockout",0.859223690597553,0,0.140776309402447
"435","Germany","Serbia","Knockout",0.606477651429212,0,0.393522348570788
"436","Germany","Uruguay","Knockout",0.510533399640004,0,0.489466600359996
"437","Germany","Portugal","Knockout",0.441705789496322,0,0.558294210503678
"438","Germany","Korea Republic","Knockout",0.655041232900008,0,0.344958767099992
"439","Germany","Ghana","Knockout",0.887683358989069,0,0.112316641010931
"440","Spain","Japan","Knockout",0.767887780067995,0,0.232112219932005
"441","Spain","Costa Rica","Knockout",0.798315675694654,0,0.201684324305346
"442","Spain","Morocco","Knockout",0.783755342619545,0,0.216244657380455
"443","Spain","Belgium","Knockout",0.518966907536741,0,0.481033092463259
"444","Spain","Croatia","Knockout",0.67392398016093,0,0.32607601983907
"445","Spain","Canada","Knockout",0.769611984402346,0,0.230388015597654
"446","Spain","Switzerland","Knockout",0.645796337862157,0,0.354203662137843
"447","Spain","Brazil","Knockout",0.314439672046381,0,0.685560327953619
"448","Spain","Cameroon","Knockout",0.907628840868162,0,0.0923711591318381
"449","Spain","Serbia","Knockout",0.712732763673641,0,0.287267236326359
"450","Spain","Uruguay","Knockout",0.62675096828014,0,0.37324903171986
"451","Spain","Portugal","Knockout",0.560187130541972,0,0.439812869458028
"452","Spain","Korea Republic","Knockout",0.753512977681152,0,0.246487022318848
"453","Spain","Ghana","Knockout",0.927132696435431,0,0.0728673035645695
"454","Japan","Costa Rica","Knockout",0.544724575700022,0,0.455275424299978
"455","Japan","Morocco","Knockout",0.522800133706096,0,0.477199866293904
"456","Japan","Belgium","Knockout",0.245915103226946,0,0.754084896773054
"457","Japan","Croatia","Knockout",0.384513084251394,0,0.615486915748606
"458","Japan","Canada","Knockout",0.50242471054211,0,0.49757528945789
"459","Japan","Switzerland","Knockout",0.355302765005502,0,0.644697234994498
"460","Japan","Brazil","Knockout",0.121760118086995,0,0.878239881913005
"461","Japan","Cameroon","Knockout",0.748117640657401,0,0.251882359342599
"462","Japan","Serbia","Knockout",0.42855993214699,0,0.57144006785301
"463","Japan","Uruguay","Knockout",0.336681206475163,0,0.663318793524837
"464","Japan","Portugal","Knockout",0.277980517637405,0,0.722019482362595
"465","Japan","Korea Republic","Knockout",0.480263823527771,0,0.51973617647223
"466","Japan","Ghana","Knockout",0.7936443057564,0,0.2063556942436
"467","Costa Rica","Morocco","Knockout",0.477985764023957,0,0.522014235976043
"468","Costa Rica","Belgium","Knockout",0.21418246553565,0,0.78581753446435
"469","Costa Rica","Croatia","Knockout",0.343031541761561,0,0.656968458238439
"470","Costa Rica","Canada","Knockout",0.457681778187679,0,0.542318221812321
"471","Costa Rica","Switzerland","Knockout",0.315357852508982,0,0.684642147491018
"472","Costa Rica","Brazil","Knockout",0.103842147019893,0,0.896157852980108
"473","Costa Rica","Cameroon","Knockout",0.712840596046814,0,0.287159403953186
"474","Costa Rica","Serbia","Knockout",0.385301264427323,0,0.614698735572677
"475","Costa Rica","Uruguay","Knockout",0.297862571977544,0,0.702137428022456
"476","Costa Rica","Portugal","Knockout",0.24344598731392,0,0.75655401268608
"477","Costa Rica","Korea Republic","Knockout",0.435766043057921,0,0.564233956942079
"478","Costa Rica","Ghana","Knockout",0.762721118803603,0,0.237278881196397
"479","Morocco","Belgium","Knockout",0.22938582479408,0,0.77061417520592
"480","Morocco","Croatia","Knockout",0.363154273842874,0,0.636845726157126
"481","Morocco","Canada","Knockout",0.479620070122294,0,0.520379929877706
"482","Morocco","Switzerland","Knockout",0.334684215302339,0,0.665315784697661
"483","Morocco","Brazil","Knockout",0.112332826943986,0,0.887667173056014
"484","Morocco","Cameroon","Knockout",0.730534139865996,0,0.269465860134004
"485","Morocco","Serbia","Knockout",0.406369833840928,0,0.593630166159072
"486","Morocco","Uruguay","Knockout",0.316612584550606,0,0.683387415449394
"487","Morocco","Portugal","Knockout",0.260039181500602,0,0.739960818499398
"488","Morocco","Korea Republic","Knockout",0.457540115484425,0,0.542459884515575
"489","Morocco","Ghana","Knockout",0.778297112815126,0,0.221702887184874
"490","Belgium","Croatia","Knockout",0.657029103076595,0,0.342970896923405
"491","Belgium","Canada","Knockout",0.75587903710391,0,0.24412096289609
"492","Belgium","Switzerland","Knockout",0.628248010118176,0,0.371751989881824
"493","Belgium","Brazil","Knockout",0.298312130835655,0,0.701687869164345
"494","Belgium","Cameroon","Knockout",0.901065209477532,0,0.0989347905224683
"495","Belgium","Serbia","Knockout",0.696944447073748,0,0.303055552926252
"496","Belgium","Uruguay","Knockout",0.608830608038694,0,0.391169391961306
"497","Belgium","Portugal","Knockout",0.541409308465383,0,0.458590691534617
"498","Belgium","Korea Republic","Knockout",0.73914566119864,0,0.26085433880136
"499","Belgium","Ghana","Knockout",0.921835601654997,0,0.0781643983450035
"500","Croatia","Canada","Knockout",0.617779702498139,0,0.382220297501861
"501","Croatia","Switzerland","Knockout",0.468697330518311,0,0.531302669481689
"502","Croatia","Brazil","Knockout",0.181616900641342,0,0.818383099358658
"503","Croatia","Cameroon","Knockout",0.826214688617265,0,0.173785311382735
"504","Croatia","Serbia","Knockout",0.545550071890405,0,0.454449928109594
"505","Croatia","Uruguay","Knockout",0.448264987949845,0,0.551735012050155
"506","Croatia","Portugal","Knockout",0.381292642905572,0,0.618707357094428
"507","Croatia","Korea Republic","Knockout",0.596631738625732,0,0.403368261374268
"508","Croatia","Ghana","Knockout",0.860262258322681,0,0.139737741677319
"509","Canada","Switzerland","Knockout",0.353084235407519,0,0.646915764592481
"510","Canada","Brazil","Knockout",0.120726767195747,0,0.879273232804253
"511","Canada","Cameroon","Knockout",0.746285605054311,0,0.253714394945689
"512","Canada","Serbia","Knockout",0.426186366034228,0,0.573813633965772
"513","Canada","Uruguay","Knockout",0.3345186189704,0,0.665481381029601
"514","Canada","Portugal","Knockout",0.276038071464373,0,0.723961928535627
"515","Canada","Korea Republic","Knockout",0.477843354167836,0,0.522156645832164
"516","Canada","Ghana","Knockout",0.792051360343407,0,0.207948639656593
"517","Switzerland","Brazil","Knockout",0.200999943730213,0,0.799000056269787
"518","Switzerland","Cameroon","Knockout",0.843487421231835,0,0.156512578768165
"519","Switzerland","Serbia","Knockout",0.576416908585314,0,0.423583091414686
"520","Switzerland","Uruguay","Knockout",0.47943443833114,0,0.520565561668859
"521","Switzerland","Portugal","Knockout",0.411276578136212,0,0.588723421863788
"522","Switzerland","Korea Republic","Knockout",0.626404992952539,0,0.373595007047461
"523","Switzerland","Ghana","Knockout",0.874664314534641,0,0.125335685465359
"524","Brazil","Cameroon","Knockout",0.955402929538718,0,0.0445970704612817
"525","Brazil","Serbia","Knockout",0.843979117306775,0,0.156020882693225
"526","Brazil","Uruguay","Knockout",0.785455681400061,0,0.21454431859994
"527","Brazil","Portugal","Knockout",0.735238558233206,0,0.264761441766794
"528","Brazil","Korea Republic","Knockout",0.869538127311811,0,0.130461872688189
"529","Brazil","Ghana","Knockout",0.965206145980087,0,0.0347938540199131
"530","Cameroon","Serbia","Knockout",0.201599530608441,0,0.798400469391559
"531","Cameroon","Uruguay","Knockout",0.145951041113162,0,0.854048958886838
"532","Cameroon","Portugal","Knockout",0.114751530015931,0,0.885248469984069
"533","Cameroon","Korea Republic","Knockout",0.23729199539498,0,0.76270800460502
"534","Cameroon","Ghana","Knockout",0.564251773311671,0,0.435748226688329
"535","Serbia","Uruguay","Knockout",0.403623375047699,0,0.596376624952301
"536","Serbia","Portugal","Knockout",0.339220003516228,0,0.660779996483772
"537","Serbia","Korea Republic","Knockout",0.551997145670447,0,0.448002854329553
"538","Serbia","Ghana","Knockout",0.836821084371171,0,0.163178915628829
"539","Uruguay","Portugal","Knockout",0.431341026242062,0,0.568658973757938
"540","Uruguay","Korea Republic","Knockout",0.645458029849588,0,0.354541970150412
"541","Uruguay","Ghana","Knockout",0.883412814049239,0,0.116587185950761
"542","Portugal","Korea Republic","Knockout",0.705892029588358,0,0.294107970411642
"543","Portugal","Ghana","Knockout",0.909004097510357,0,0.0909959024896435
"544","Korea Republic","Ghana","Knockout",0.806280393260174,0,0.193719606739826
